{"currentScene":"","health":0.0,"energy":0.0,"doors":[],"position":{"x":-2.7403388023376467,"y":-11.585001945495606,"z":0.0},"velocity":{"x":0.0,"y":-1.5729004765319133e-9}}